XLNX,LSCC,INTC,NVDA,AMD,index
0.062334370100523714,0.020685578865331476,-0.026163024960586825,-0.032046309487750266,0.00880522470515023,2019-08-21
