XLNX,LSCC,INTC,NVDA,AMD
-0.08276006328753713,0.015001624098959707,0.006098829970197284,0.0637255089676895,0.006015228584559398
