XLNX,LSCC,INTC,NVDA,AMD,index
0.004368216527543764,0.0034143890744847585,-0.01237932861296649,0.006963579523413505,-0.013214264061959751,2019-08-25
